ind	A_a	B_a	C_a	A_o	B_o	C_o
1	{'A*03:01', 'A*02:01'}	{'B*37:01', 'B*44:03'}	{'C*16:01', 'C*06:02'}	{'A*03:01', 'A*02:01'}	{'B*37:01', 'B*44:03'}	{'C*16:01', 'C*06:02'}
2	{'A*02:01', 'A*68:01'}	{'B*44:02'}	{'C*07:04', 'C*05:01'}	{'A*02:01', 'A*68:01'}	{'B*44:02'}	{'C*07:04', 'C*05:01'}
3	{'A*11:01', 'A*03:78'}	{'B*37:01', 'B*07:02'}	{'C*07:02', 'C*06:02'}	{'A*03:01', 'A*11:01'}	{'B*37:01', 'B*07:02'}	{'C*07:02', 'C*06:02'}
4	{'A*02:24', 'A*02:01'}	{'B*07:02', 'B*35:01'}	{'C*04:01', 'C*07:02'}	{'A*02:24', 'A*02:29'}	{'B*07:02', 'B*35:01'}	{'C*04:01', 'C*07:02'}
5	{'A*33:01', 'A*02:02'}	{'B*57:03'}	{'C*02:10', 'C*18:02'}	{'A*33:01', 'A*02:02'}	{'B*57:03', 'B*15:03'}	{'C*18:01', 'C*02:10'}
6	{'A*02:01'}	{'B*07:02', 'B*44:02'}	{'C*07:02', 'C*05:01'}	{'A*02:01'}	{'B*07:02', 'B*44:02'}	{'C*07:02', 'C*05:01'}
7	{'A*29:02', 'A*23:01'}	{'B*58:01', 'B*42:01'}	{'C*17:01', 'C*07:18'}	{'A*29:02', 'A*23:01'}	{'B*58:01', 'B*42:01'}	{'C*17:01', 'C*07:01'}
8	{'A*26:01', 'A*03:78'}	{'B*08:01', 'B*44:03'}	{'C*07:01', 'C*16:01'}	{'A*03:01', 'A*26:01'}	{'B*08:01', 'B*44:03'}	{'C*07:01', 'C*16:01'}
9	{'A*33:01', 'A*02:02'}	{'B*57:03'}	{'C*02:10', 'C*18:02'}	{'A*33:01', 'A*02:02'}	{'B*57:03', 'B*15:03'}	{'C*18:01', 'C*02:10'}
10	{'A*01:01', 'A*02:01'}	{'B*08:01'}	{'C*07:01'}	{'A*01:01', 'A*02:01'}	{'B*08:01'}	{'C*07:01'}
11	{'A*01:01', 'A*02:01'}	{'B*08:01', 'B*07:02'}	{'C*07:01', 'C*07:02'}	{'A*01:01', 'A*02:01'}	{'B*08:01', 'B*07:02'}	{'C*07:01', 'C*07:02'}
12	{'A*03:01', 'A*02:05'}	{'B*51:01', 'B*50:01'}	{'C*06:02', 'C*15:02'}	{'A*03:01', 'A*02:05'}	{'B*51:01', 'B*50:01'}	{'C*06:02', 'C*15:02'}
13	{'A*29:02', 'A*23:01'}	{'B*58:01', 'B*42:01'}	{'C*17:01', 'C*07:18'}	{'A*29:02', 'A*23:01'}	{'B*58:01', 'B*42:01'}	{'C*17:01', 'C*07:01'}
14	{'A*03:01', 'A*02:05'}	{'B*51:01', 'B*50:01'}	{'C*06:02', 'C*15:02'}	{'A*03:01', 'A*02:05'}	{'B*51:01', 'B*50:01'}	{'C*06:02', 'C*15:02'}
15	{'A*03:01', 'A*02:01'}	{'B*37:01', 'B*44:03'}	{'C*16:01', 'C*06:02'}	{'A*03:01', 'A*02:01'}	{'B*37:01', 'B*44:03'}	{'C*16:01', 'C*06:02'}
16	{'A*33:01', 'A*02:02'}	{'B*57:03'}	{'C*02:10', 'C*18:02'}	{'A*33:01', 'A*02:02'}	{'B*57:03', 'B*15:03'}	{'C*18:01', 'C*02:10'}
17	{'A*31:01', 'A*02:01'}	{'B*07:02', 'B*40:01'}	{'C*07:02', 'C*03:04'}	{'A*31:01', 'A*02:01'}	{'B*07:02', 'B*40:01'}	{'C*07:02', 'C*03:04'}
18	{'A*01:01', 'A*11:69'}	{'B*08:01'}	{'C*07:01'}	{'A*01:01', 'A*11:01'}	{'B*08:01'}	{'C*07:01'}
19	{'A*02:24', 'A*02:01'}	{'B*07:02', 'B*35:01'}	{'C*04:01'}	{'A*02:24', 'A*02:01'}	{'B*07:02', 'B*35:01'}	{'C*04:01', 'C*07:02'}
20	{'A*03:01', 'A*68:02'}	{'B*81:01', 'B*35:01'}	{'C*18:01', 'C*04:01'}	{'A*03:01', 'A*68:02'}	{'B*81:01', 'B*35:01'}	{'C*04:01', 'C*18:01'}
21	{'A*02:01', 'A*68:01'}	{'B*44:02'}	{'C*07:04', 'C*05:01'}	{'A*02:01', 'A*68:01'}	{'B*44:02'}	{'C*07:04', 'C*05:01'}
22	{'A*11:69', 'A*03:78'}	{'B*37:01', 'B*07:02'}	{'C*07:02', 'C*06:02'}	{'A*03:01', 'A*11:01'}	{'B*37:01', 'B*07:02'}	{'C*07:02', 'C*06:02'}
23	{'A*02:01'}	{'B*07:02', 'B*44:02'}	{'C*07:02', 'C*05:01'}	{'A*02:01'}	{'B*07:02', 'B*44:02'}	{'C*07:02', 'C*05:01'}
24	{'A*23:01', 'A*29:02'}	{'B*58:01', 'B*42:01'}	{'C*17:01', 'C*07:18'}	{'A*29:02', 'A*23:01'}	{'B*58:01', 'B*42:01'}	{'C*17:01', 'C*07:01'}
25	{'A*02:01'}	{'B*07:02', 'B*44:02'}	{'C*07:02', 'C*05:01'}	{'A*02:01'}	{'B*07:02', 'B*44:02'}	{'C*07:02', 'C*05:01'}
26	{'A*31:01', 'A*02:01'}	{'B*07:02', 'B*40:01'}	{'C*07:02', 'C*03:04'}	{'A*31:01', 'A*02:01'}	{'B*07:02', 'B*40:01'}	{'C*07:02', 'C*03:04'}
27	{'A*01:01', 'A*11:01'}	{'B*08:01'}	{'C*07:01'}	{'A*01:01', 'A*11:01'}	{'B*08:01'}	{'C*07:01'}
28	{'A*02:01'}	{'B*07:02', 'B*44:02'}	{'C*07:02', 'C*05:01'}	{'A*02:01'}	{'B*07:02', 'B*44:02'}	{'C*07:02', 'C*05:01'}
29	{'A*03:01', 'A*26:01'}	{'B*08:01', 'B*44:03'}	{'C*07:01', 'C*16:01'}	{'A*03:01', 'A*26:01'}	{'B*08:01', 'B*44:03'}	{'C*07:01', 'C*16:01'}
30	{'A*03:01', 'A*11:01'}	{'B*37:01', 'B*07:02'}	{'C*07:02', 'C*06:02'}	{'A*03:01', 'A*11:01'}	{'B*37:01', 'B*07:02'}	{'C*07:02', 'C*06:02'}
31	{'A*03:01', 'A*11:01'}	{'B*37:01', 'B*07:02'}	{'C*07:02', 'C*06:02'}	{'A*03:01', 'A*11:01'}	{'B*37:01', 'B*07:02'}	{'C*07:02', 'C*06:02'}
32	{'A*01:01', 'A*02:01'}	{'B*08:01', 'B*07:02'}	{'C*07:01', 'C*07:02'}	{'A*01:01', 'A*02:01'}	{'B*08:01', 'B*07:02'}	{'C*07:01', 'C*07:02'}
33	{'A*03:01', 'A*02:05'}	{'B*51:01', 'B*50:01'}	{'C*06:02', 'C*15:02'}	{'A*03:01', 'A*02:05'}	{'B*51:01', 'B*50:01'}	{'C*06:02', 'C*15:02'}
34	{'A*03:01', 'A*68:02'}	{'B*81:01', 'B*35:01'}	{'C*18:01', 'C*04:01'}	{'A*03:01', 'A*68:02'}	{'B*81:01', 'B*35:01'}	{'C*18:01', 'C*04:33'}
35	{'A*02:24', 'A*02:01'}	{'B*07:02', 'B*35:01'}	{'C*04:01', 'C*07:02'}	{'A*02:24', 'A*02:01'}	{'B*07:02', 'B*35:01'}	{'C*04:01', 'C*07:02'}
36	{'A*02:01', 'A*68:01'}	{'B*44:02'}	{'C*07:04', 'C*05:01'}	{'A*02:22', 'A*68:08'}	{'B*44:02'}	{'C*07:04', 'C*05:01'}
37	{'A*03:01', 'A*02:01'}	{'B*37:01', 'B*44:03'}	{'C*16:01', 'C*06:02'}	{'A*03:01', 'A*02:01'}	{'B*37:01', 'B*44:03'}	{'C*16:01', 'C*06:02'}
38	{'A*03:01', 'A*11:01'}	{'B*37:01', 'B*07:02'}	{'C*07:02', 'C*06:02'}	{'A*03:01', 'A*11:01'}	{'B*37:01', 'B*07:02'}	{'C*07:02', 'C*06:02'}
39	{'A*03:01', 'A*02:01'}	{'B*37:01', 'B*44:03'}	{'C*16:01', 'C*06:02'}	{'A*03:01', 'A*02:01'}	{'B*37:01', 'B*44:03'}	{'C*16:01', 'C*06:02'}
40	{'A*11:01', 'A*02:02'}	{'B*41:01', 'B*15:02'}	{'C*17:01', 'C*08:01'}	{'A*11:01', 'A*02:02'}	{'B*41:01', 'B*15:02'}	{'C*08:01', 'C*17:01'}
41	{'A*03:01', 'A*02:05'}	{'B*51:01', 'B*50:01'}	{'C*06:02', 'C*15:02'}	{'A*03:01', 'A*02:05'}	{'B*51:01', 'B*50:01'}	{'C*06:02', 'C*15:02'}
42	{'A*29:02', 'A*23:01'}	{'B*58:01', 'B*42:01'}	{'C*17:01', 'C*07:18'}	{'A*29:02', 'A*23:01'}	{'B*58:01', 'B*42:01'}	{'C*17:01', 'C*07:01'}
43	{'A*11:01', 'A*02:02'}	{'B*41:01', 'B*15:02'}	{'C*17:01', 'C*08:01'}	{'A*11:01', 'A*02:02'}	{'B*41:01', 'B*15:02'}	{'C*08:01', 'C*17:01'}
44	{'A*01:01', 'A*02:01'}	{'B*08:01', 'B*07:02'}	{'C*07:01', 'C*07:02'}	{'A*01:01', 'A*02:01'}	{'B*08:01', 'B*07:02'}	{'C*07:01', 'C*07:02'}
45	{'A*03:01', 'A*11:69'}	{'B*37:01', 'B*07:02'}	{'C*07:02', 'C*06:02'}	{'A*03:01', 'A*11:01'}	{'B*37:01', 'B*07:02'}	{'C*07:02', 'C*06:02'}
46	{'A*02:01', 'A*68:01'}	{'B*44:02'}	{'C*07:04', 'C*05:01'}	{'A*02:01', 'A*68:01'}	{'B*44:02'}	{'C*07:04', 'C*05:01'}
47	{'A*03:01', 'A*68:02'}	{'B*81:01', 'B*35:01'}	{'C*18:01', 'C*04:01'}	{'A*03:01', 'A*68:02'}	{'B*81:01', 'B*35:01'}	{'C*18:01', 'C*04:33'}
48	{'A*01:01', 'A*11:01'}	{'B*08:01'}	{'C*07:01'}	{'A*01:01', 'A*11:01'}	{'B*08:01'}	{'C*07:01'}
49	{'A*01:01', 'A*02:01'}	{'B*08:01', 'B*07:02'}	{'C*07:01', 'C*07:02'}	{'A*01:01', 'A*02:01'}	{'B*08:01', 'B*07:02'}	{'C*07:01', 'C*07:02'}
50	{'A*33:01', 'A*02:02'}	{'B*57:03'}	{'C*02:10', 'C*18:02'}	{'A*33:01', 'A*02:02'}	{'B*57:03', 'B*15:03'}	{'C*18:01', 'C*02:10'}
51	{'A*03:01', 'A*02:05'}	{'B*51:01', 'B*50:01'}	{'C*06:02', 'C*15:02'}	{'A*03:01', 'A*02:05'}	{'B*51:01', 'B*50:01'}	{'C*06:02', 'C*15:02'}
52	{'A*03:01', 'A*11:01'}	{'B*37:01', 'B*07:02'}	{'C*07:02', 'C*06:02'}	{'A*03:01', 'A*11:01'}	{'B*37:01', 'B*07:02'}	{'C*07:02', 'C*06:02'}
53	{'A*02:01'}	{'B*07:02', 'B*44:02'}	{'C*07:02', 'C*05:01'}	{'A*02:01'}	{'B*07:02', 'B*44:02'}	{'C*07:02', 'C*05:01'}
54	{'A*03:02', 'A*02:01'}	{'B*40:02', 'B*49:01'}	{'C*07:01', 'C*03:04'}	{'A*03:02', 'A*02:01'}	{'B*40:02', 'B*49:01'}	{'C*07:01', 'C*03:04'}
55	{'A*03:01', 'A*26:01'}	{'B*08:01', 'B*44:03'}	{'C*07:01', 'C*16:01'}	{'A*03:01', 'A*26:01'}	{'B*08:01', 'B*44:03'}	{'C*07:01', 'C*16:01'}
56	{'A*11:01', 'A*02:02'}	{'B*41:01', 'B*15:02'}	{'C*17:01', 'C*08:01'}	{'A*11:01', 'A*02:02'}	{'B*41:01', 'B*15:02'}	{'C*08:01', 'C*17:01'}
57	{'A*02:01'}	{'B*07:02', 'B*44:02'}	{'C*07:02', 'C*05:01'}	{'A*02:01'}	{'B*07:02', 'B*44:02'}	{'C*07:02', 'C*05:01'}
58	{'A*03:01', 'A*68:02'}	{'B*81:01', 'B*35:01'}	{'C*18:01', 'C*04:01'}	{'A*03:01', 'A*68:02'}	{'B*81:01', 'B*35:01'}	{'C*18:01', 'C*04:33'}
59	{'A*33:01', 'A*02:02'}	{'B*57:03'}	{'C*02:10', 'C*18:02'}	{'A*33:01', 'A*02:02'}	{'B*57:03', 'B*15:03'}	{'C*18:01', 'C*02:10'}
60	{'A*02:01', 'A*68:01'}	{'B*44:02'}	{'C*07:04', 'C*05:01'}	{'A*02:01', 'A*68:01'}	{'B*44:02'}	{'C*07:04', 'C*05:01'}
61	{'A*03:01', 'A*68:02'}	{'B*81:01', 'B*35:01'}	{'C*18:01', 'C*04:01'}	{'A*03:01', 'A*68:02'}	{'B*81:01', 'B*35:01'}	{'C*04:01', 'C*06:09'}
62	{'A*29:02', 'A*23:01'}	{'B*48:02', 'B*42:01'}	{'C*17:01', 'C*07:18'}	{'A*29:02', 'A*23:01'}	{'B*58:01', 'B*42:01'}	{'C*17:01', 'C*07:01'}
63	{'A*02:01', 'A*68:01'}	{'B*44:02'}	{'C*07:04', 'C*05:01'}	{'A*02:22', 'A*68:08'}	{'B*44:02'}	{'C*07:04', 'C*05:01'}
64	{'A*01:01', 'A*11:01'}	{'B*08:01'}	{'C*07:01'}	{'A*01:01', 'A*11:01'}	{'B*08:01'}	{'C*07:01'}
65	{'A*23:01', 'A*29:02'}	{'B*58:01', 'B*42:01'}	{'C*17:01', 'C*07:18'}	{'A*29:02', 'A*23:01'}	{'B*58:01', 'B*42:01'}	{'C*17:01', 'C*07:01'}
66	{'A*03:01', 'A*26:01'}	{'B*08:01', 'B*44:03'}	{'C*07:01', 'C*16:01'}	{'A*03:01', 'A*26:01'}	{'B*08:01', 'B*44:03'}	{'C*07:01', 'C*16:01'}
67	{'A*33:01', 'A*02:02'}	{'B*57:03'}	{'C*02:10', 'C*18:02'}	{'A*33:01', 'A*02:02'}	{'B*57:03', 'B*15:03'}	{'C*18:01', 'C*02:10'}
68	{'A*01:01', 'A*02:01'}	{'B*08:01', 'B*07:02'}	{'C*07:01', 'C*07:02'}	{'A*01:01', 'A*02:01'}	{'B*08:01', 'B*07:02'}	{'C*07:01', 'C*07:02'}
69	{'A*31:01', 'A*02:01'}	{'B*07:02', 'B*40:01'}	{'C*07:02', 'C*03:04'}	{'A*31:01', 'A*02:01'}	{'B*07:02', 'B*40:01'}	{'C*07:02', 'C*03:04'}
70	{'A*02:24', 'A*02:01'}	{'B*07:02', 'B*35:01'}	{'C*04:01', 'C*07:02'}	{'A*02:24', 'A*02:01'}	{'B*07:02', 'B*35:01'}	{'C*04:01', 'C*07:02'}
71	{'A*03:01', 'A*02:01'}	{'B*37:01', 'B*44:03'}	{'C*16:01', 'C*06:02'}	{'A*03:01', 'A*02:01'}	{'B*37:01', 'B*44:03'}	{'C*16:01', 'C*06:02'}
72	{'A*31:46', 'A*02:01'}	{'B*07:02', 'B*40:01'}	{'C*07:02', 'C*03:04'}	{'A*31:01', 'A*02:01'}	{'B*07:02', 'B*40:01'}	{'C*07:02', 'C*03:04'}
73	{'A*03:01', 'A*68:02'}	{'B*81:01', 'B*35:01'}	{'C*18:01', 'C*04:01'}	{'A*03:01', 'A*68:02'}	{'B*81:01', 'B*35:01'}	{'C*04:01', 'C*18:01'}
74	{'A*31:46', 'A*02:01'}	{'B*07:02', 'B*40:01'}	{'C*07:02', 'C*03:04'}	{'A*31:01', 'A*02:01'}	{'B*07:02', 'B*40:01'}	{'C*07:02', 'C*03:04'}
75	{'A*11:01', 'A*02:02'}	{'B*41:01', 'B*15:02'}	{'C*17:01', 'C*08:01'}	{'A*11:01', 'A*02:02'}	{'B*41:01', 'B*15:02'}	{'C*08:01', 'C*17:01'}
76	{'A*02:01', 'A*68:01'}	{'B*44:02'}	{'C*07:04', 'C*05:01'}	{'A*02:22', 'A*68:08'}	{'B*44:02'}	{'C*07:04', 'C*05:01'}
77	{'A*03:01', 'A*02:01'}	{'B*37:01', 'B*44:03'}	{'C*16:01', 'C*06:02'}	{'A*03:01', 'A*02:01'}	{'B*37:01', 'B*44:03'}	{'C*16:01', 'C*06:02'}
78	{'A*01:01', 'A*02:01'}	{'B*08:01'}	{'C*07:01'}	{'A*01:01', 'A*02:01'}	{'B*08:01'}	{'C*07:01'}
79	{'A*02:01', 'A*68:01'}	{'B*44:02'}	{'C*07:04', 'C*05:01'}	{'A*02:22', 'A*68:08'}	{'B*44:02'}	{'C*07:04', 'C*05:01'}
80	{'A*03:01', 'A*02:01'}	{'B*37:01', 'B*44:03'}	{'C*16:01', 'C*06:02'}	{'A*03:01', 'A*02:01'}	{'B*37:01', 'B*44:03'}	{'C*16:01', 'C*06:02'}
81	{'A*02:24', 'A*02:01'}	{'B*07:02', 'B*35:01'}	{'C*04:01', 'C*07:02'}	{'A*02:24', 'A*02:01'}	{'B*07:02', 'B*35:01'}	{'C*04:01', 'C*07:02'}
82	{'A*11:01', 'A*02:02'}	{'B*41:01', 'B*15:02'}	{'C*17:01', 'C*08:01'}	{'A*11:01', 'A*02:02'}	{'B*41:01', 'B*15:02'}	{'C*08:01', 'C*17:01'}
83	{'A*03:02', 'A*02:01'}	{'B*40:02', 'B*49:01'}	{'C*07:01', 'C*03:04'}	{'A*03:02', 'A*02:01'}	{'B*40:02', 'B*49:01'}	{'C*07:01', 'C*03:04'}
84	{'A*03:02', 'A*02:01'}	{'B*40:02', 'B*49:01'}	{'C*07:01', 'C*03:04'}	{'A*03:02', 'A*02:01'}	{'B*40:02', 'B*49:01'}	{'C*07:01', 'C*03:04'}
85	{'A*03:01', 'A*26:01'}	{'B*08:01', 'B*44:03'}	{'C*07:01', 'C*16:01'}	{'A*03:01', 'A*26:01'}	{'B*08:01', 'B*44:03'}	{'C*07:01', 'C*16:01'}
86	{'A*31:01', 'A*02:01'}	{'B*07:02', 'B*40:01'}	{'C*07:02', 'C*03:04'}	{'A*31:01', 'A*02:01'}	{'B*07:02', 'B*40:01'}	{'C*07:02', 'C*03:04'}
87	{'A*01:01', 'A*11:01'}	{'B*08:01'}	{'C*07:01'}	{'A*01:01', 'A*11:01'}	{'B*08:01'}	{'C*07:01'}
88	{'A*02:01'}	{'B*07:02', 'B*44:02'}	{'C*07:02', 'C*05:01'}	{'A*02:01'}	{'B*07:02', 'B*44:02'}	{'C*07:02', 'C*05:01'}
89	{'A*03:21', 'A*02:01'}	{'B*40:02', 'B*49:01'}	{'C*07:01', 'C*03:04'}	{'A*03:02', 'A*02:01'}	{'B*40:02', 'B*49:01'}	{'C*07:01', 'C*03:04'}
90	{'A*03:01', 'A*26:01'}	{'B*08:01', 'B*44:03'}	{'C*07:01', 'C*16:01'}	{'A*03:01', 'A*26:01'}	{'B*08:01', 'B*44:03'}	{'C*07:01', 'C*16:01'}
91	{'A*11:69', 'A*03:78'}	{'B*37:01', 'B*07:02'}	{'C*07:02', 'C*06:02'}	{'A*03:01', 'A*11:01'}	{'B*37:01', 'B*07:02'}	{'C*07:02', 'C*06:02'}
92	{'A*03:01', 'A*02:05'}	{'B*51:01', 'B*50:01'}	{'C*06:02', 'C*15:02'}	{'A*03:01', 'A*02:05'}	{'B*51:01', 'B*50:01'}	{'C*06:02', 'C*15:02'}
93	{'A*01:01', 'A*11:69'}	{'B*08:01'}	{'C*07:01'}	{'A*01:01', 'A*11:01'}	{'B*08:01'}	{'C*07:01'}
94	{'A*02:01', 'A*01:37'}	{'B*08:01'}	{'C*07:01'}	{'A*01:01', 'A*02:01'}	{'B*08:01'}	{'C*07:01'}
95	{'A*01:01', 'A*11:01'}	{'B*08:01'}	{'C*07:01'}	{'A*01:01', 'A*11:01'}	{'B*08:01'}	{'C*07:01'}
96	{'A*02:01', 'A*01:37'}	{'B*08:01', 'B*07:02'}	{'C*07:01', 'C*07:02'}	{'A*01:01', 'A*02:01'}	{'B*08:01', 'B*07:02'}	{'C*07:01', 'C*07:37'}
97	{'A*03:01', 'A*02:05'}	{'B*51:01', 'B*50:01'}	{'C*06:02', 'C*15:02'}	{'A*03:01', 'A*02:05'}	{'B*51:01', 'B*50:01'}	{'C*06:02', 'C*15:02'}
98	{'A*02:02', 'A*11:69'}	{'B*41:01', 'B*15:02'}	{'C*17:01', 'C*08:01'}	{'A*11:10', 'A*02:02'}	{'B*41:01', 'B*15:02'}	{'C*08:01', 'C*17:01'}
99	{'A*02:24', 'A*02:77'}	{'B*07:02', 'B*35:01'}	{'C*04:01', 'C*07:02'}	{'A*02:24', 'A*02:29'}	{'B*07:02', 'B*35:01'}	{'C*04:01', 'C*07:02'}
100	{'A*11:01', 'A*02:02'}	{'B*41:01', 'B*15:02'}	{'C*17:01', 'C*08:01'}	{'A*11:01', 'A*02:02'}	{'B*41:01', 'B*15:02'}	{'C*08:01', 'C*17:01'}
101	{'A*02:24', 'A*02:06'}	{'B*07:02', 'B*35:01'}	{'C*04:01', 'C*07:02'}	{'A*02:24', 'A*02:06'}	{'B*07:02', 'B*35:01'}	{'C*04:01', 'C*07:02'}
102	{'A*02:01'}	{'B*07:02', 'B*44:02'}	{'C*07:02', 'C*05:01'}	{'A*02:01'}	{'B*07:02', 'B*44:02'}	{'C*07:02', 'C*05:01'}
103	{'A*29:02', 'A*23:01'}	{'B*58:01', 'B*42:01'}	{'C*17:01', 'C*07:18'}	{'A*29:02', 'A*23:01'}	{'B*58:01', 'B*42:01'}	{'C*17:01', 'C*07:01'}
104	{'A*68:02', 'A*03:78'}	{'B*81:01', 'B*35:01'}	{'C*18:01', 'C*04:01'}	{'A*03:01', 'A*68:02'}	{'B*81:01', 'B*35:01'}	{'C*18:01', 'C*04:33'}
105	{'A*03:02', 'A*02:01'}	{'B*40:02', 'B*49:01'}	{'C*07:01', 'C*03:04'}	{'A*03:02', 'A*02:01'}	{'B*40:02', 'B*49:01'}	{'C*07:01', 'C*03:04'}
106	{'A*11:01', 'A*01:37'}	{'B*08:01'}	{'C*07:01'}	{'A*01:01', 'A*11:01'}	{'B*08:01'}	{'C*07:01'}
107	{'A*31:01', 'A*02:01'}	{'B*07:02', 'B*40:01'}	{'C*07:02', 'C*03:04'}	{'A*31:01', 'A*02:01'}	{'B*07:02', 'B*40:01'}	{'C*07:02', 'C*03:04'}
108	{'A*29:02', 'A*23:01'}	{'B*58:01', 'B*42:01'}	{'C*17:01', 'C*07:18'}	{'A*29:03', 'A*23:01'}	{'B*58:01', 'B*42:01'}	{'C*17:01', 'C*07:01'}
109	{'A*02:24', 'A*02:01'}	{'B*07:02', 'B*35:01'}	{'C*04:01', 'C*07:02'}	{'A*02:24', 'A*02:06'}	{'B*07:02', 'B*35:01'}	{'C*04:01', 'C*07:02'}
110	{'A*03:02', 'A*02:01'}	{'B*40:02', 'B*49:01'}	{'C*07:01', 'C*03:04'}	{'A*03:02', 'A*02:01'}	{'B*40:02', 'B*49:01'}	{'C*07:01', 'C*03:04'}
111	{'A*33:01', 'A*02:02'}	{'B*57:03'}	{'C*02:10', 'C*18:02'}	{'A*33:01', 'A*02:02'}	{'B*57:03', 'B*15:03'}	{'C*18:01', 'C*02:10'}
112	{'A*11:01', 'A*02:02'}	{'B*41:01', 'B*15:02'}	{'C*17:01', 'C*08:01'}	{'A*11:01', 'A*02:02'}	{'B*41:01', 'B*15:02'}	{'C*08:01', 'C*17:01'}
113	{'A*02:01', 'A*01:37'}	{'B*08:01'}	{'C*07:01'}	{'A*01:01', 'A*02:01'}	{'B*08:01'}	{'C*07:01'}
114	{'A*03:01', 'A*68:02'}	{'B*81:01', 'B*35:01'}	{'C*18:01', 'C*04:01'}	{'A*03:01', 'A*68:02'}	{'B*81:01', 'B*35:01'}	{'C*18:01', 'C*04:33'}
115	{'A*03:01', 'A*26:01'}	{'B*08:01', 'B*44:03'}	{'C*07:01', 'C*16:01'}	{'A*03:01', 'A*26:01'}	{'B*08:01', 'B*44:03'}	{'C*07:01', 'C*16:01'}
116	{'A*31:01', 'A*02:01'}	{'B*07:02', 'B*40:01'}	{'C*07:02', 'C*03:04'}	{'A*31:01', 'A*02:01'}	{'B*07:02', 'B*40:01'}	{'C*07:02', 'C*03:04'}
117	{'A*01:01', 'A*02:01'}	{'B*08:01', 'B*07:02'}	{'C*07:01', 'C*07:02'}	{'A*01:01', 'A*02:01'}	{'B*08:01', 'B*07:02'}	{'C*07:01', 'C*07:02'}
118	{'A*03:01', 'A*02:01'}	{'B*37:01', 'B*44:03'}	{'C*16:01', 'C*06:02'}	{'A*03:01', 'A*02:01'}	{'B*37:01', 'B*44:03'}	{'C*16:01', 'C*06:02'}
119	{'A*03:02', 'A*02:01'}	{'B*40:02', 'B*49:01'}	{'C*07:01', 'C*03:04'}	{'A*03:02', 'A*02:01'}	{'B*40:02', 'B*49:01'}	{'C*07:01', 'C*03:04'}
120	{'A*03:01', 'A*02:05'}	{'B*51:01', 'B*50:01'}	{'C*06:02', 'C*15:02'}	{'A*03:01', 'A*02:05'}	{'B*51:01', 'B*50:01'}	{'C*06:02', 'C*15:02'}
121	{'A*33:01', 'A*02:02'}	{'B*57:03'}	{'C*02:10', 'C*18:02'}	{'A*33:01', 'A*02:02'}	{'B*57:03', 'B*15:03'}	{'C*18:01', 'C*02:10'}
122	{'A*01:01', 'A*02:01'}	{'B*08:01'}	{'C*07:01'}	{'A*01:01', 'A*02:01'}	{'B*08:01'}	{'C*07:01'}
123	{'A*01:01', 'A*02:01'}	{'B*08:01', 'B*07:02'}	{'C*07:01', 'C*07:02'}	{'A*01:01', 'A*02:01'}	{'B*08:01', 'B*07:02'}	{'C*07:01', 'C*07:17'}
124	{'A*03:01', 'A*26:01'}	{'B*08:01', 'B*44:03'}	{'C*07:01', 'C*16:01'}	{'A*03:01', 'A*26:01'}	{'B*08:01', 'B*44:03'}	{'C*07:01', 'C*16:01'}
125	{'A*01:01', 'A*02:01'}	{'B*08:01'}	{'C*07:01'}	{'A*01:01', 'A*02:01'}	{'B*08:01'}	{'C*07:01'}
126	{'A*01:01', 'A*02:01'}	{'B*08:01'}	{'C*07:01'}	{'A*01:01', 'A*02:01'}	{'B*08:01'}	{'C*07:01'}
127	{'A*01:01', 'A*02:01'}	{'B*08:01'}	{'C*07:01'}	{'A*01:01', 'A*02:01'}	{'B*08:01'}	{'C*07:01'}
